variable,label,heparin_alloc,n_control,events_control,risk_control,n_treated,events_treated,risk_treated,risk_difference,ci_lower,ci_upper,ci_crosses_zero,effect_type,patients_per_event
ID14,Indicator of death at 14 days,None,4860,453,0.09320987654320988,4858,452,0.09304240428159737,-1.6747226161251128e-4,-0.011723453249088748,0.011388508725863725,TRUE,NNT,5972
H14,Cerebral bleed/heamorrhagic stroke within 14 days,None,4860,15,0.0030864197530864196,4858,26,0.005351996706463565,0.0022655769533771455,-3.115784047189882e-4,0.004842732311473279,TRUE,NNH,442
ISC14,Indicator of ischaemic stroke within 14 days,None,4860,133,0.027366255144032924,4858,90,0.018526142445450804,-0.00884011269858212,-0.01479144940513765,-0.002888775992026588,FALSE,NNT,114
NK14,Indicator of indeterminate stroke within 14 days,None,4860,82,0.016872427983539096,4858,66,0.013585837793330589,-0.0032865901902085076,-0.008155805301844617,0.0015826249214276021,TRUE,NNT,305
STRK14,Strk14,None,4860,229,0.047119341563786006,4858,182,0.037463976945244955,-0.009655364618541051,-0.017655765680512192,-0.0016549635565699088,FALSE,NNT,104
HTI14,Indicator of haemorrhagic transformation within 14 days,None,4860,4,8.230452674897119e-4,4858,8,0.0016467682173734047,8.237229498836928e-4,-5.727464011970674e-4,0.002220192300964453,TRUE,NNH,1215
PE14,Indicator of pulmonary embolism within 14 days,None,4860,45,0.009259259259259259,4858,36,0.007410456978180321,-0.001848802281078938,-0.005463748929167915,0.0017661443670100394,TRUE,NNT,541
DVT14,Indicator of deep vein thrombosis on discharge form,None,4860,11,0.0022633744855967077,4858,6,0.0012350761630300535,-0.0010282983225666541,-0.0026897753614104456,6.331787162771373e-4,TRUE,NNT,973
TRAN14,Indicator of major non-cerebral bleed within 14 days,None,4860,14,0.002880658436213992,4858,23,0.004734458624948539,0.0018538001887345467,-5.950047555138417e-4,0.004302605132982935,TRUE,NNH,540
NCB14,Indicator of any non-cerebral bleed within 14 days,None,4860,19,0.003909465020576132,4858,68,0.01399752984767394,0.010088064827097808,0.006347454170933279,0.013828675483262337,FALSE,NNH,100
dead_6m,Dead 6 months,None,4828,1087,0.2251449875724938,4814,1054,0.21894474449522228,-0.006200243077271517,-0.022791732610949474,0.01039124645640644,TRUE,NNT,162
ID14,Indicator of death at 14 days,Low,2429,230,0.09468917249897077,2432,194,0.07976973684210527,-0.014919435656865501,-0.030779110527795413,9.40239214064411e-4,TRUE,NNT,68
H14,Cerebral bleed/heamorrhagic stroke within 14 days,Low,2429,16,0.006587072869493619,2432,19,0.0078125,0.0012254271305063812,-0.0035278304467750354,0.005978684707787798,TRUE,NNH,817
ISC14,Indicator of ischaemic stroke within 14 days,Low,2429,47,0.019349526554137506,2432,24,0.009868421052631578,-0.009481105501505927,-0.016222366598592095,-0.002739844404419758,FALSE,NNT,106
NK14,Indicator of indeterminate stroke within 14 days,Low,2429,31,0.012762453684643887,2432,26,0.01069078947368421,-0.002071664210959676,-0.00812423581326165,0.0039809073913422985,TRUE,NNT,483
STRK14,Strk14,Low,2429,93,0.03828736105393166,2432,69,0.02837171052631579,-0.009915650527615866,-0.02000424650610858,1.72945450876847e-4,TRUE,NNT,101
HTI14,Indicator of haemorrhagic transformation within 14 days,Low,2429,5,0.0020584602717167557,2432,9,0.003700657894736842,0.0016421976230200862,-0.0013699138182948142,0.004654309064334987,TRUE,NNH,609
PE14,Indicator of pulmonary embolism within 14 days,Low,2429,20,0.008233841086867023,2432,13,0.005345394736842105,-0.0028884463500249173,-0.007505105119710663,0.0017282124196608285,TRUE,NNT,347
DVT14,Indicator of deep vein thrombosis on discharge form,Low,2429,2,8.233841086867024e-4,2432,2,8.223684210526315e-4,-1.0156876340708214e-6,-0.0016131897538892704,0.0016111583786211287,TRUE,NNT,984555
TRAN14,Indicator of major non-cerebral bleed within 14 days,Low,2429,10,0.004116920543433511,2432,20,0.008223684210526315,0.004106763667092804,-2.9410932680490245e-4,0.008507636660990511,TRUE,NNH,244
NCB14,Indicator of any non-cerebral bleed within 14 days,Low,2429,37,0.015232606010703994,2432,59,0.02425986842105263,0.009027262410348636,0.0012096154909185548,0.016844909329778716,FALSE,NNH,111
dead_6m,Dead 6 months,Low,2406,579,0.24064837905236908,2409,521,0.21627231216272313,-0.024376066889645942,-0.04808404695369458,-6.680868255973041e-4,FALSE,NNT,42
ID14,Indicator of death at 14 days,Medium,2426,226,0.09315746084089035,2430,226,0.09300411522633745,-1.5334561455290774e-4,-0.016497457216976562,0.016190765987870746,TRUE,NNT,6522
H14,Cerebral bleed/heamorrhagic stroke within 14 days,Medium,2426,43,0.01772464962901896,2430,42,0.01728395061728395,-4.406990117350115e-4,-0.007817807638617162,0.006936409615147138,TRUE,NNT,2270
ISC14,Indicator of ischaemic stroke within 14 days,Medium,2426,62,0.025556471558120363,2430,39,0.016049382716049384,-0.00950708884207098,-0.017532054578480574,-0.0014821231056613825,FALSE,NNT,106
NK14,Indicator of indeterminate stroke within 14 days,Medium,2426,25,0.010305028854080791,2430,30,0.012345679012345678,0.002040650158264887,-0.003911355601818488,0.007992655918348263,TRUE,NNH,491
STRK14,Strk14,Medium,2426,124,0.051112943116240726,2430,110,0.04526748971193416,-0.005845453404306568,-0.017892240969225898,0.00620133416061276,TRUE,NNT,172
HTI14,Indicator of haemorrhagic transformation within 14 days,Medium,2426,14,0.005770816158285243,2430,19,0.007818930041152264,0.0020481138828670207,-0.0025724662082365008,0.006668693973970542,TRUE,NNH,489
PE14,Indicator of pulmonary embolism within 14 days,Medium,2426,12,0.00494641384995878,2430,8,0.0032921810699588477,-0.001654232779999932,-0.005257211235368544,0.001948745675368679,TRUE,NNT,605
DVT14,Indicator of deep vein thrombosis on discharge form,Medium,2426,1,4.1220115416323167e-4,2430,0,0,-4.1220115416323167e-4,-0.0012199488875648966,3.955465792384333e-4,TRUE,NNT,2426
TRAN14,Indicator of major non-cerebral bleed within 14 days,Medium,2426,33,0.013602638087386645,2430,66,0.027160493827160494,0.013557855739773849,0.005619412057292555,0.021496299422255144,FALSE,NNH,74
NCB14,Indicator of any non-cerebral bleed within 14 days,Medium,2426,131,0.05399835119538335,2430,217,0.08930041152263374,0.03530206032725039,0.02082938732122207,0.04977473333327871,FALSE,NNH,29
dead_6m,Dead 6 months,Medium,2410,563,0.23360995850622407,2412,565,0.23424543946932005,6.354809630959857e-4,-0.023261772968394854,0.024532734894586825,TRUE,NNH,1574
